--
-- PostgreSQL database dump
--

-- Dumped from database version 12.17 (Ubuntu 12.17-1.pgdg22.04+1)
-- Dumped by pg_dump version 12.17 (Ubuntu 12.17-1.pgdg22.04+1)

SET statement_timeout = 0;
SET lock_timeout = 0;
SET idle_in_transaction_session_timeout = 0;
SET client_encoding = 'UTF8';
SET standard_conforming_strings = on;
SELECT pg_catalog.set_config('search_path', '', false);
SET check_function_bodies = false;
SET xmloption = content;
SET client_min_messages = warning;
SET row_security = off;

DROP DATABASE universe;
--
-- Name: universe; Type: DATABASE; Schema: -; Owner: freecodecamp
--

CREATE DATABASE universe WITH TEMPLATE = template0 ENCODING = 'UTF8' LC_COLLATE = 'C.UTF-8' LC_CTYPE = 'C.UTF-8';


ALTER DATABASE universe OWNER TO freecodecamp;

\connect universe

SET statement_timeout = 0;
SET lock_timeout = 0;
SET idle_in_transaction_session_timeout = 0;
SET client_encoding = 'UTF8';
SET standard_conforming_strings = on;
SELECT pg_catalog.set_config('search_path', '', false);
SET check_function_bodies = false;
SET xmloption = content;
SET client_min_messages = warning;
SET row_security = off;

SET default_tablespace = '';

SET default_table_access_method = heap;

--
-- Name: asteroid_belt; Type: TABLE; Schema: public; Owner: freecodecamp
--

CREATE TABLE public.asteroid_belt (
    asteroid_belt_id integer NOT NULL,
    name character varying(50) NOT NULL,
    distance_from_star integer NOT NULL,
    number_of_asteroids integer,
    has_metallic_asteroids boolean
);


ALTER TABLE public.asteroid_belt OWNER TO freecodecamp;

--
-- Name: asteroid_belt_asteroid_belt_id_seq; Type: SEQUENCE; Schema: public; Owner: freecodecamp
--

CREATE SEQUENCE public.asteroid_belt_asteroid_belt_id_seq
    AS integer
    START WITH 1
    INCREMENT BY 1
    NO MINVALUE
    NO MAXVALUE
    CACHE 1;


ALTER TABLE public.asteroid_belt_asteroid_belt_id_seq OWNER TO freecodecamp;

--
-- Name: asteroid_belt_asteroid_belt_id_seq; Type: SEQUENCE OWNED BY; Schema: public; Owner: freecodecamp
--

ALTER SEQUENCE public.asteroid_belt_asteroid_belt_id_seq OWNED BY public.asteroid_belt.asteroid_belt_id;


--
-- Name: galaxy; Type: TABLE; Schema: public; Owner: freecodecamp
--

CREATE TABLE public.galaxy (
    galaxy_id integer NOT NULL,
    name character varying(50) NOT NULL,
    description text,
    has_life boolean,
    is_spherical boolean NOT NULL
);


ALTER TABLE public.galaxy OWNER TO freecodecamp;

--
-- Name: galaxy_galaxy_id_seq; Type: SEQUENCE; Schema: public; Owner: freecodecamp
--

CREATE SEQUENCE public.galaxy_galaxy_id_seq
    AS integer
    START WITH 1
    INCREMENT BY 1
    NO MINVALUE
    NO MAXVALUE
    CACHE 1;


ALTER TABLE public.galaxy_galaxy_id_seq OWNER TO freecodecamp;

--
-- Name: galaxy_galaxy_id_seq; Type: SEQUENCE OWNED BY; Schema: public; Owner: freecodecamp
--

ALTER SEQUENCE public.galaxy_galaxy_id_seq OWNED BY public.galaxy.galaxy_id;


--
-- Name: moon; Type: TABLE; Schema: public; Owner: freecodecamp
--

CREATE TABLE public.moon (
    moon_id integer NOT NULL,
    name character varying(50) NOT NULL,
    planet_id integer NOT NULL,
    distance_from_planet numeric,
    is_spherical boolean NOT NULL
);


ALTER TABLE public.moon OWNER TO freecodecamp;

--
-- Name: moon_moon_id_seq; Type: SEQUENCE; Schema: public; Owner: freecodecamp
--

CREATE SEQUENCE public.moon_moon_id_seq
    AS integer
    START WITH 1
    INCREMENT BY 1
    NO MINVALUE
    NO MAXVALUE
    CACHE 1;


ALTER TABLE public.moon_moon_id_seq OWNER TO freecodecamp;

--
-- Name: moon_moon_id_seq; Type: SEQUENCE OWNED BY; Schema: public; Owner: freecodecamp
--

ALTER SEQUENCE public.moon_moon_id_seq OWNED BY public.moon.moon_id;


--
-- Name: planet; Type: TABLE; Schema: public; Owner: freecodecamp
--

CREATE TABLE public.planet (
    planet_id integer NOT NULL,
    name character varying(50) NOT NULL,
    star_id integer NOT NULL,
    distance_from_star integer,
    has_life boolean
);


ALTER TABLE public.planet OWNER TO freecodecamp;

--
-- Name: planet_planet_id_seq; Type: SEQUENCE; Schema: public; Owner: freecodecamp
--

CREATE SEQUENCE public.planet_planet_id_seq
    AS integer
    START WITH 1
    INCREMENT BY 1
    NO MINVALUE
    NO MAXVALUE
    CACHE 1;


ALTER TABLE public.planet_planet_id_seq OWNER TO freecodecamp;

--
-- Name: planet_planet_id_seq; Type: SEQUENCE OWNED BY; Schema: public; Owner: freecodecamp
--

ALTER SEQUENCE public.planet_planet_id_seq OWNED BY public.planet.planet_id;


--
-- Name: star; Type: TABLE; Schema: public; Owner: freecodecamp
--

CREATE TABLE public.star (
    star_id integer NOT NULL,
    name character varying(50) NOT NULL,
    galaxy_id integer NOT NULL,
    luminosity numeric,
    age_in_millions_of_years integer NOT NULL
);


ALTER TABLE public.star OWNER TO freecodecamp;

--
-- Name: star_star_id_seq; Type: SEQUENCE; Schema: public; Owner: freecodecamp
--

CREATE SEQUENCE public.star_star_id_seq
    AS integer
    START WITH 1
    INCREMENT BY 1
    NO MINVALUE
    NO MAXVALUE
    CACHE 1;


ALTER TABLE public.star_star_id_seq OWNER TO freecodecamp;

--
-- Name: star_star_id_seq; Type: SEQUENCE OWNED BY; Schema: public; Owner: freecodecamp
--

ALTER SEQUENCE public.star_star_id_seq OWNED BY public.star.star_id;


--
-- Name: asteroid_belt asteroid_belt_id; Type: DEFAULT; Schema: public; Owner: freecodecamp
--

ALTER TABLE ONLY public.asteroid_belt ALTER COLUMN asteroid_belt_id SET DEFAULT nextval('public.asteroid_belt_asteroid_belt_id_seq'::regclass);


--
-- Name: galaxy galaxy_id; Type: DEFAULT; Schema: public; Owner: freecodecamp
--

ALTER TABLE ONLY public.galaxy ALTER COLUMN galaxy_id SET DEFAULT nextval('public.galaxy_galaxy_id_seq'::regclass);


--
-- Name: moon moon_id; Type: DEFAULT; Schema: public; Owner: freecodecamp
--

ALTER TABLE ONLY public.moon ALTER COLUMN moon_id SET DEFAULT nextval('public.moon_moon_id_seq'::regclass);


--
-- Name: planet planet_id; Type: DEFAULT; Schema: public; Owner: freecodecamp
--

ALTER TABLE ONLY public.planet ALTER COLUMN planet_id SET DEFAULT nextval('public.planet_planet_id_seq'::regclass);


--
-- Name: star star_id; Type: DEFAULT; Schema: public; Owner: freecodecamp
--

ALTER TABLE ONLY public.star ALTER COLUMN star_id SET DEFAULT nextval('public.star_star_id_seq'::regclass);


--
-- Data for Name: asteroid_belt; Type: TABLE DATA; Schema: public; Owner: freecodecamp
--

INSERT INTO public.asteroid_belt VALUES (1, 'Main Belt', 3, 1000000, true);
INSERT INTO public.asteroid_belt VALUES (2, 'Kuiper Belt', 30, 10000, false);
INSERT INTO public.asteroid_belt VALUES (3, 'Asteroid Belt Alpha', 5, 5000, true);


--
-- Data for Name: galaxy; Type: TABLE DATA; Schema: public; Owner: freecodecamp
--

INSERT INTO public.galaxy VALUES (1, 'Milky Way', 'Our galaxy', true, true);
INSERT INTO public.galaxy VALUES (2, 'Andromeda', 'Neighbor galaxy', false, true);
INSERT INTO public.galaxy VALUES (3, 'Whirlpool', 'Galaxy with a prominent spiral structure', false, true);
INSERT INTO public.galaxy VALUES (4, 'Triangulum', 'Small spiral galaxy', false, true);
INSERT INTO public.galaxy VALUES (5, 'Large Magellanic Cloud', 'Satellite galaxy', false, false);
INSERT INTO public.galaxy VALUES (6, 'Small Magellanic Cloud', 'Dwarf galaxy', false, false);


--
-- Data for Name: moon; Type: TABLE DATA; Schema: public; Owner: freecodecamp
--

INSERT INTO public.moon VALUES (1, 'Moon', 1, 0.00257, true);
INSERT INTO public.moon VALUES (2, 'Phobos', 2, 0.0006, false);
INSERT INTO public.moon VALUES (3, 'Deimos', 2, 0.0002, false);
INSERT INTO public.moon VALUES (4, 'Io', 9, 0.0028, true);
INSERT INTO public.moon VALUES (5, 'Europa', 9, 0.0045, true);
INSERT INTO public.moon VALUES (6, 'Ganymede', 9, 0.0072, true);
INSERT INTO public.moon VALUES (7, 'Callisto', 9, 0.0126, true);
INSERT INTO public.moon VALUES (8, 'Titan', 10, 0.0129, true);
INSERT INTO public.moon VALUES (9, 'Enceladus', 10, 0.004, true);
INSERT INTO public.moon VALUES (10, 'Triton', 11, 0.005, true);
INSERT INTO public.moon VALUES (11, 'Nereid', 11, 0.06, false);
INSERT INTO public.moon VALUES (12, 'Miranda', 12, 0.0013, false);
INSERT INTO public.moon VALUES (13, 'Ariel', 12, 0.0019, true);
INSERT INTO public.moon VALUES (14, 'Umbriel', 12, 0.0025, true);
INSERT INTO public.moon VALUES (15, 'Titania', 12, 0.0037, true);
INSERT INTO public.moon VALUES (16, 'Oberon', 12, 0.0055, true);
INSERT INTO public.moon VALUES (17, 'Charon', 5, 0.00019, true);
INSERT INTO public.moon VALUES (18, 'Hydra', 5, 0.00064, false);
INSERT INTO public.moon VALUES (19, 'Nix', 5, 0.00049, false);
INSERT INTO public.moon VALUES (20, 'Kerberos', 5, 0.00058, false);


--
-- Data for Name: planet; Type: TABLE DATA; Schema: public; Owner: freecodecamp
--

INSERT INTO public.planet VALUES (1, 'Earth', 1, 1, true);
INSERT INTO public.planet VALUES (2, 'Mars', 1, 2, false);
INSERT INTO public.planet VALUES (3, 'Venus', 1, 0, false);
INSERT INTO public.planet VALUES (4, 'Proxima b', 2, 4, true);
INSERT INTO public.planet VALUES (5, 'Kepler-22b', 3, 22, false);
INSERT INTO public.planet VALUES (6, 'Gliese 581g', 4, 20, true);
INSERT INTO public.planet VALUES (7, 'TRAPPIST-1d', 5, 5, false);
INSERT INTO public.planet VALUES (8, 'TRAPPIST-1e', 5, 6, false);
INSERT INTO public.planet VALUES (9, 'Jupiter', 1, 5, false);
INSERT INTO public.planet VALUES (10, 'Saturn', 1, 10, false);
INSERT INTO public.planet VALUES (11, 'Neptune', 1, 30, false);
INSERT INTO public.planet VALUES (12, 'Uranus', 1, 20, false);


--
-- Data for Name: star; Type: TABLE DATA; Schema: public; Owner: freecodecamp
--

INSERT INTO public.star VALUES (1, 'Sun', 1, 1.0, 4500);
INSERT INTO public.star VALUES (2, 'Alpha Centauri', 1, 1.5, 5500);
INSERT INTO public.star VALUES (3, 'Betelgeuse', 2, 3.5, 10000);
INSERT INTO public.star VALUES (4, 'Rigel', 2, 2.8, 9000);
INSERT INTO public.star VALUES (5, 'Vega', 3, 2.1, 7000);
INSERT INTO public.star VALUES (6, 'Sirius', 4, 1.3, 8000);


--
-- Name: asteroid_belt_asteroid_belt_id_seq; Type: SEQUENCE SET; Schema: public; Owner: freecodecamp
--

SELECT pg_catalog.setval('public.asteroid_belt_asteroid_belt_id_seq', 3, true);


--
-- Name: galaxy_galaxy_id_seq; Type: SEQUENCE SET; Schema: public; Owner: freecodecamp
--

SELECT pg_catalog.setval('public.galaxy_galaxy_id_seq', 6, true);


--
-- Name: moon_moon_id_seq; Type: SEQUENCE SET; Schema: public; Owner: freecodecamp
--

SELECT pg_catalog.setval('public.moon_moon_id_seq', 20, true);


--
-- Name: planet_planet_id_seq; Type: SEQUENCE SET; Schema: public; Owner: freecodecamp
--

SELECT pg_catalog.setval('public.planet_planet_id_seq', 12, true);


--
-- Name: star_star_id_seq; Type: SEQUENCE SET; Schema: public; Owner: freecodecamp
--

SELECT pg_catalog.setval('public.star_star_id_seq', 6, true);


--
-- Name: asteroid_belt asteroid_belt_name_key; Type: CONSTRAINT; Schema: public; Owner: freecodecamp
--

ALTER TABLE ONLY public.asteroid_belt
    ADD CONSTRAINT asteroid_belt_name_key UNIQUE (name);


--
-- Name: asteroid_belt asteroid_belt_pkey; Type: CONSTRAINT; Schema: public; Owner: freecodecamp
--

ALTER TABLE ONLY public.asteroid_belt
    ADD CONSTRAINT asteroid_belt_pkey PRIMARY KEY (asteroid_belt_id);


--
-- Name: galaxy galaxy_name_key; Type: CONSTRAINT; Schema: public; Owner: freecodecamp
--

ALTER TABLE ONLY public.galaxy
    ADD CONSTRAINT galaxy_name_key UNIQUE (name);


--
-- Name: galaxy galaxy_pkey; Type: CONSTRAINT; Schema: public; Owner: freecodecamp
--

ALTER TABLE ONLY public.galaxy
    ADD CONSTRAINT galaxy_pkey PRIMARY KEY (galaxy_id);


--
-- Name: moon moon_name_key; Type: CONSTRAINT; Schema: public; Owner: freecodecamp
--

ALTER TABLE ONLY public.moon
    ADD CONSTRAINT moon_name_key UNIQUE (name);


--
-- Name: moon moon_pkey; Type: CONSTRAINT; Schema: public; Owner: freecodecamp
--

ALTER TABLE ONLY public.moon
    ADD CONSTRAINT moon_pkey PRIMARY KEY (moon_id);


--
-- Name: planet planet_name_key; Type: CONSTRAINT; Schema: public; Owner: freecodecamp
--

ALTER TABLE ONLY public.planet
    ADD CONSTRAINT planet_name_key UNIQUE (name);


--
-- Name: planet planet_pkey; Type: CONSTRAINT; Schema: public; Owner: freecodecamp
--

ALTER TABLE ONLY public.planet
    ADD CONSTRAINT planet_pkey PRIMARY KEY (planet_id);


--
-- Name: star star_name_key; Type: CONSTRAINT; Schema: public; Owner: freecodecamp
--

ALTER TABLE ONLY public.star
    ADD CONSTRAINT star_name_key UNIQUE (name);


--
-- Name: star star_pkey; Type: CONSTRAINT; Schema: public; Owner: freecodecamp
--

ALTER TABLE ONLY public.star
    ADD CONSTRAINT star_pkey PRIMARY KEY (star_id);


--
-- Name: moon moon_planet_id_fkey; Type: FK CONSTRAINT; Schema: public; Owner: freecodecamp
--

ALTER TABLE ONLY public.moon
    ADD CONSTRAINT moon_planet_id_fkey FOREIGN KEY (planet_id) REFERENCES public.planet(planet_id);


--
-- Name: planet planet_star_id_fkey; Type: FK CONSTRAINT; Schema: public; Owner: freecodecamp
--

ALTER TABLE ONLY public.planet
    ADD CONSTRAINT planet_star_id_fkey FOREIGN KEY (star_id) REFERENCES public.star(star_id);


--
-- Name: star star_galaxy_id_fkey; Type: FK CONSTRAINT; Schema: public; Owner: freecodecamp
--

ALTER TABLE ONLY public.star
    ADD CONSTRAINT star_galaxy_id_fkey FOREIGN KEY (galaxy_id) REFERENCES public.galaxy(galaxy_id);


--
-- PostgreSQL database dump complete
--

